epi_week,date,newCases,totalCases,newDeaths,deaths,deaths_by_totalCases,vaccinated,vaccinated_single,vaccinated_second,activeCases
9,2020-02-25,1,1,0,0,0.0,,,,
9,2020-02-26,0,1,0,0,0.0,,,,
9,2020-02-27,0,1,0,0,0.0,,,,
9,2020-02-28,1,2,0,0,0.0,,,,
9,2020-02-29,0,2,0,0,0.0,,,,
10,2020-03-01,0,2,0,0,0.0,,,,
10,2020-03-02,0,2,0,0,0.0,,,,
10,2020-03-03,0,2,0,0,0.0,,,,
10,2020-03-04,1,3,0,0,0.0,,,,
10,2020-03-05,4,7,0,0,0.0,,,,
10,2020-03-06,7,14,0,0,0.0,,,,
10,2020-03-07,5,19,0,0,0.0,,,,
11,2020-03-08,6,25,0,0,0.0,,,,
11,2020-03-09,0,25,0,0,0.0,,,,
11,2020-03-10,9,34,0,0,0.0,,,,
11,2020-03-11,19,53,0,0,0.0,,,,
11,2020-03-12,36,89,0,0,0.0,,,,
11,2020-03-13,17,106,0,0,0.0,,,,
11,2020-03-14,36,142,0,0,0.0,,,,
12,2020-03-15,83,225,0,0,0.0,,,,
12,2020-03-16,54,279,0,0,0.0,,,,
12,2020-03-17,54,333,1,1,0.003,,,,
12,2020-03-18,181,514,3,4,0.00778,,,,
12,2020-03-19,129,643,3,7,0.01089,,,,
12,2020-03-20,331,974,4,11,0.01129,,,,
12,2020-03-21,224,1198,7,18,0.01503,,,,
13,2020-03-22,396,1594,7,25,0.01568,,,,
13,2020-03-23,358,1952,9,34,0.01742,,,,1910.0
13,2020-03-24,303,2255,13,47,0.02084,,,,2188.0
13,2020-03-25,311,2566,12,59,0.02299,,,,2480.0
13,2020-03-26,424,2990,18,77,0.02575,,,,2871.0
13,2020-03-27,486,3476,16,93,0.02675,,,,3341.0
13,2020-03-28,479,3955,22,115,0.02908,,,,3784.0
14,2020-03-29,360,4315,24,139,0.03221,,,,4120.0
14,2020-03-30,348,4663,27,166,0.0356,,,,4431.0
14,2020-03-31,1161,5824,36,202,0.03468,,,,5556.0
14,2020-04-01,1107,6931,42,244,0.0352,,,,6609.0
14,2020-04-02,1169,8100,61,305,0.03765,,,,7717.0
14,2020-04-03,1112,9212,60,365,0.03962,,,,8769.0
14,2020-04-04,1169,10381,80,445,0.04287,,,,9858.0
15,2020-04-05,1043,11424,52,497,0.0435,,,,10823.0
15,2020-04-06,838,12262,73,570,0.04649,,,,11337.0
15,2020-04-07,1821,14083,121,691,0.04907,,,,12817.0
15,2020-04-08,2175,16258,135,826,0.05081,,,,14636.0
15,2020-04-09,1937,18195,133,959,0.05271,,,,16391.0
15,2020-04-10,1742,19937,114,1073,0.05382,,,,17865.0
15,2020-04-11,1055,20992,68,1141,0.05435,,,,18835.0
16,2020-04-12,1464,22456,96,1237,0.05509,,,,20139.0
16,2020-04-13,1412,23868,120,1357,0.05685,,,,19534.0
16,2020-04-14,1909,25777,200,1557,0.0604,,,,21068.0
16,2020-04-15,3242,29019,203,1760,0.06065,,,,22986.0
16,2020-04-16,2082,31101,202,1962,0.06308,,,,24668.0
16,2020-04-17,3296,34397,211,2173,0.06317,,,,27192.0
16,2020-04-18,2778,37175,202,2375,0.06389,,,,29643.0
17,2020-04-19,2022,39197,116,2491,0.06355,,,,31088.0
17,2020-04-20,1740,40937,107,2598,0.06346,,,,31617.0
17,2020-04-21,2742,43679,174,2772,0.06346,,,,33500.0
17,2020-04-22,2740,46419,169,2941,0.06336,,,,34884.0
17,2020-04-23,3879,50298,408,3349,0.06658,,,,37789.0
17,2020-04-24,3910,54208,373,3722,0.06866,,,,40030.0
17,2020-04-25,5299,59507,352,4074,0.06846,,,,43673.0
18,2020-04-26,3715,63222,227,4301,0.06803,,,,46407.0
18,2020-04-27,4145,67367,305,4606,0.06837,,,,48911.0
18,2020-04-28,6231,73598,488,5094,0.06921,,,,53195.0
18,2020-04-29,6201,79799,443,5537,0.06939,,,,58056.0
18,2020-04-30,7322,87121,443,5980,0.06864,,,,62900.0
18,2020-05-01,5544,92665,459,6439,0.06949,,,,66669.0
18,2020-05-02,4913,97578,371,6810,0.06979,,,,70088.0
19,2020-05-03,4445,102023,267,7077,0.06937,,,,73327.0
19,2020-05-04,6982,109005,304,7381,0.06771,,,,79025.0
19,2020-05-05,7407,116412,591,7972,0.06848,,,,83719.0
19,2020-05-06,10539,126951,625,8597,0.06772,,,,89179.0
19,2020-05-07,9736,136687,675,9272,0.06783,,,,92670.0
19,2020-05-08,10402,147089,754,10026,0.06816,,,,100681.0
19,2020-05-09,10162,157251,671,10697,0.06803,,,,106890.0
20,2020-05-10,6259,163510,478,11175,0.06834,,,,103974.0
20,2020-05-11,6219,169729,485,11660,0.0687,,,,106654.0
20,2020-05-12,9604,179333,842,12502,0.06971,,,,110483.0
20,2020-05-13,11695,191028,778,13280,0.06952,,,,115205.0
20,2020-05-14,14130,205158,789,14069,0.06858,,,,121776.0
20,2020-05-15,15462,220620,914,14983,0.06791,,,,132022.0
20,2020-05-16,14055,234675,719,15702,0.06691,,,,139090.0
21,2020-05-17,7669,242344,500,16202,0.06686,,,,142617.0
21,2020-05-18,14555,256899,722,16924,0.06588,,,,145681.0
21,2020-05-19,17483,274382,1150,18074,0.06587,,,,154111.0
21,2020-05-20,20221,294603,985,19059,0.06469,,,,163470.0
21,2020-05-21,18143,312746,1069,20128,0.06436,,,,170605.0
21,2020-05-22,21798,334544,1031,21159,0.06325,,,,182307.0
21,2020-05-23,17010,351554,1046,22205,0.06316,,,,178049.0
22,2020-05-24,14477,366031,658,22863,0.06246,,,,179585.0
22,2020-05-25,12779,378810,726,23589,0.06227,,,,184198.0
22,2020-05-26,16323,395133,1055,24644,0.06237,,,,189420.0
22,2020-05-27,20198,415331,1060,25704,0.06189,,,,198780.0
22,2020-05-28,28333,443664,1189,26893,0.06062,,,,214014.0
22,2020-05-29,26890,470554,1138,28031,0.05957,,,,225882.0
22,2020-05-30,32320,502874,864,28895,0.05746,,,,214639.0
23,2020-05-31,13222,516096,470,29365,0.0569,,,,216483.0
23,2020-06-01,15149,531245,742,30107,0.05667,,,,219744.0
23,2020-06-02,31672,562917,1364,31471,0.05591,,,,235703.0
23,2020-06-03,26085,589002,1194,32665,0.05546,,,,249991.0
23,2020-06-04,31950,620952,1510,34175,0.05504,,,,263812.0
23,2020-06-05,32098,653050,1076,35251,0.05398,,,,274798.0
23,2020-06-06,23790,676840,801,36052,0.05327,,,,284225.0
24,2020-06-07,17985,694825,476,36528,0.05257,,,,290162.0
24,2020-06-08,17335,712160,863,37391,0.0525,,,,294883.0
24,2020-06-09,31692,743852,1193,38584,0.05187,,,,306902.0
24,2020-06-10,33789,777641,1236,39820,0.05121,,,,322276.0
24,2020-06-11,28758,806399,1269,41089,0.05095,,,,332165.0
24,2020-06-12,24255,830654,842,41931,0.05048,,,,341526.0
24,2020-06-13,21189,851843,857,42788,0.05023,,,,347545.0
25,2020-06-14,16792,868635,634,43422,0.04999,,,,353998.0
25,2020-06-15,24616,893251,764,44186,0.04947,,,,369282.0
25,2020-06-16,36982,930233,1332,45518,0.04893,,,,392636.0
25,2020-06-17,30920,961153,1185,46703,0.04859,,,,391000.0
25,2020-06-18,25517,986670,1237,47940,0.04859,,,,401464.0
25,2020-06-19,56055,1042725,1172,49112,0.0471,,,,434801.0
25,2020-06-20,28854,1071579,982,50094,0.04675,,,,429725.0
26,2020-06-21,16566,1088145,609,50703,0.0466,,,,433960.0
26,2020-06-22,26488,1114633,735,51438,0.04615,,,,445704.0
26,2020-06-23,39500,1154133,1405,52843,0.04579,,,,470278.0
26,2020-06-24,41053,1195186,1110,53953,0.04514,,,,478078.0
26,2020-06-25,41464,1236650,1173,55126,0.04458,,,,497176.0
26,2020-06-26,44881,1281531,992,56118,0.04379,,,,518844.0
26,2020-06-27,36918,1318449,1035,57153,0.04335,,,,529516.0
27,2020-06-28,32990,1351439,600,57753,0.04273,,,,543498.0
27,2020-06-29,21439,1372878,714,58467,0.04259,,,,552430.0
27,2020-06-30,39680,1412558,1314,59781,0.04232,,,,560289.0
27,2020-07-01,46825,1459383,1086,60867,0.04171,,,,468154.0
27,2020-07-02,44398,1503781,1258,62125,0.04131,,,,474746.0
27,2020-07-03,43038,1546819,1213,63338,0.04095,,,,492793.0
27,2020-07-04,33566,1580385,1057,64395,0.04075,,,,495966.0
28,2020-07-05,25192,1605577,559,64954,0.04046,,,,496291.0
28,2020-07-06,24452,1630029,683,65637,0.04027,,,,495777.0
28,2020-07-07,46696,1676725,1299,66936,0.03992,,,,496704.0
28,2020-07-08,45249,1721974,1173,68109,0.03955,,,,507137.0
28,2020-07-09,42956,1764930,1222,69331,0.03928,,,,520179.0
28,2020-07-10,44310,1809240,1299,70630,0.03904,,,,521249.0
28,2020-07-11,34946,1844186,931,71561,0.0388,,,,528537.0
29,2020-07-12,23657,1867843,617,72178,0.03864,,,,530822.0
29,2020-07-13,22539,1890382,832,73010,0.03862,,,,526121.0
29,2020-07-14,42770,1933152,1301,74311,0.03844,,,,530306.0
29,2020-07-15,40564,1973716,1271,75582,0.03829,,,,530486.0
29,2020-07-16,43838,2017554,1320,76902,0.03812,,,,542181.0
29,2020-07-17,34680,2052234,1123,78025,0.03802,,,,545476.0
29,2020-07-18,25694,2077928,844,78869,0.03796,,,,539987.0
30,2020-07-19,23216,2101144,703,79572,0.03787,,,,531937.0
30,2020-07-20,23008,2124152,774,80346,0.03782,,,,522363.0
30,2020-07-21,46927,2171079,1317,81663,0.03761,,,,513248.0
30,2020-07-22,66150,2237229,1296,82959,0.03708,,,,533957.0
30,2020-07-23,57326,2294555,1313,84272,0.03673,,,,517069.0
30,2020-07-24,56750,2351305,1142,85414,0.03633,,,,513969.0
30,2020-07-25,47528,2398833,1108,86522,0.03607,,,,524718.0
31,2020-07-26,22670,2421503,571,87093,0.03597,,,,521497.0
31,2020-07-27,27998,2449501,684,87777,0.03583,,,,513398.0
31,2020-07-28,53995,2503496,1257,89034,0.03556,,,,529427.0
31,2020-07-29,55439,2558935,1198,90232,0.03526,,,,538124.0
31,2020-07-30,58161,2617096,1202,91434,0.03494,,,,560804.0
31,2020-07-31,53142,2670238,1271,92705,0.03472,,,,568679.0
31,2020-08-01,41525,2711763,937,93642,0.03453,,,,572020.0
32,2020-08-02,24218,2735981,535,94177,0.03442,,,,571025.0
32,2020-08-03,19947,2755928,598,94775,0.03439,,,,562177.0
32,2020-08-04,56011,2811939,1321,96096,0.03417,,,,558290.0
32,2020-08-05,56677,2868616,1391,97487,0.03398,,,,577343.0
32,2020-08-06,53734,2922350,1225,98712,0.03378,,,,573446.0
32,2020-08-07,49658,2972008,1084,99796,0.03358,,,,591138.0
32,2020-08-08,46114,3018122,825,100621,0.03334,,,,595941.0
33,2020-08-09,22741,3040863,568,101189,0.03328,,,,582691.0
33,2020-08-10,26622,3067485,789,101978,0.03324,,,,568647.0
33,2020-08-11,50585,3118070,1181,103159,0.03308,,,,564247.0
33,2020-08-12,54876,3172946,1191,104350,0.03289,,,,562148.0
33,2020-08-13,60824,3233770,1228,105578,0.03265,,,,598947.0
33,2020-08-14,49457,3283227,1013,106591,0.03247,,,,589024.0
33,2020-08-15,36851,3320078,730,107321,0.03232,,,,589879.0
34,2020-08-16,23036,3343114,594,107915,0.03228,,,,573966.0
34,2020-08-17,24136,3367250,785,108700,0.03228,,,,559470.0
34,2020-08-18,48862,3416112,1347,110047,0.03221,,,,554547.0
34,2020-08-19,48307,3464419,1156,111203,0.0321,,,,551285.0
34,2020-08-20,42951,3507370,1236,112439,0.03206,,,,550613.0
34,2020-08-21,32566,3539936,1064,113503,0.03206,,,,547072.0
34,2020-08-22,46119,3586055,828,114331,0.03188,,,,552077.0
35,2020-08-23,21835,3607890,456,114787,0.03182,,,,544288.0
35,2020-08-24,23124,3631014,707,115494,0.03181,,,,527791.0
35,2020-08-25,46289,3677303,1204,116698,0.03173,,,,528054.0
35,2020-08-26,48133,3725436,1084,117782,0.03162,,,,525207.0
35,2020-08-27,42354,3767790,984,118766,0.03152,,,,524559.0
35,2020-08-28,43994,3811784,845,119611,0.03138,,,,533390.0
35,2020-08-29,37597,3849381,909,120520,0.03131,,,,526676.0
36,2020-08-30,14665,3864046,399,120919,0.03129,,,,505512.0
36,2020-08-31,49864,3913910,639,121558,0.03106,,,,487998.0
36,2020-09-01,44175,3958085,1159,122717,0.031,,,,481731.0
36,2020-09-02,46595,4004680,1203,123920,0.03094,,,,487682.0
36,2020-09-03,46821,4051501,871,124791,0.0308,,,,497275.0
36,2020-09-04,39888,4091389,847,125638,0.03071,,,,498226.0
36,2020-09-05,33875,4125264,607,126245,0.0306,,,,499550.0
37,2020-09-06,14697,4139961,457,126702,0.0306,,,,491104.0
37,2020-09-07,9540,4149501,322,127024,0.03061,,,,473276.0
37,2020-09-08,18761,4168262,521,127545,0.0306,,,,468296.0
37,2020-09-09,37113,4205375,1159,128704,0.0306,,,,465039.0
37,2020-09-10,40745,4246120,974,129678,0.03054,,,,458741.0
37,2020-09-11,41451,4287571,847,130525,0.03044,,,,461888.0
37,2020-09-12,30869,4318440,768,131293,0.0304,,,,463941.0
38,2020-09-13,14019,4332459,405,131698,0.0304,,,,451866.0
38,2020-09-14,20325,4352784,456,132154,0.03036,,,,450492.0
38,2020-09-15,34739,4387523,1084,133238,0.03037,,,,442780.0
38,2020-09-16,37376,4424899,962,134200,0.03033,,,,436870.0
38,2020-09-17,36399,4461298,869,135069,0.03028,,,,452295.0
38,2020-09-18,39717,4501015,828,135897,0.03019,,,,456221.0
38,2020-09-19,29555,4530570,681,136578,0.03015,,,,456078.0
39,2020-09-20,15438,4546008,351,136929,0.03012,,,,445633.0
39,2020-09-21,17325,4563333,462,137391,0.03011,,,,446298.0
39,2020-09-22,35259,4598592,797,138188,0.03005,,,,419417.0
39,2020-09-23,32724,4631316,932,139120,0.03004,,,,421213.0
39,2020-09-24,32010,4663326,794,139914,0.03,,,,413620.0
39,2020-09-25,32308,4695634,822,140736,0.02997,,,,424231.0
39,2020-09-26,24715,4720349,722,141458,0.02997,,,,425624.0
40,2020-09-27,13785,4734134,339,141797,0.02995,,,,419626.0
40,2020-09-28,16865,4750999,390,142187,0.02993,,,,411440.0
40,2020-09-29,32729,4783728,856,143043,0.0299,,,,403533.0
40,2020-09-30,32993,4816721,984,144027,0.0299,,,,397920.0
40,2020-10-01,35775,4852496,773,144800,0.02984,,,,408037.0
40,2020-10-02,32816,4885312,654,145454,0.02977,,,,415158.0
40,2020-10-03,22732,4908044,572,146026,0.02975,,,,400910.0
41,2020-10-04,8989,4917033,374,146400,0.02977,,,,393966.0
41,2020-10-05,26044,4943077,393,146793,0.0297,,,,396070.0
41,2020-10-06,31522,4974599,810,147603,0.02967,,,,396656.0
41,2020-10-07,30932,5005531,725,148328,0.02963,,,,398929.0
41,2020-10-08,26816,5032347,733,149061,0.02962,,,,396332.0
41,2020-10-09,27734,5060081,654,149715,0.02959,,,,408196.0
41,2020-10-10,23753,5083834,533,150248,0.02955,,,,403808.0
42,2020-10-11,12189,5096023,278,150526,0.02954,,,,392274.0
42,2020-10-12,8633,5104656,194,150720,0.02953,,,,378280.0
42,2020-10-13,13354,5118010,377,151097,0.02952,,,,370348.0
42,2020-10-14,27837,5145847,733,151830,0.02951,,,,367074.0
42,2020-10-15,30423,5176270,814,152644,0.02949,,,,367921.0
42,2020-10-16,28593,5204863,643,153287,0.02945,,,,373066.0
42,2020-10-17,20776,5225639,415,153702,0.02941,,,,370301.0
43,2020-10-18,12050,5237689,235,153937,0.02939,,,,366865.0
43,2020-10-19,16577,5254266,326,154263,0.02936,,,,363100.0
43,2020-10-20,23763,5278029,648,154911,0.02935,,,,361516.0
43,2020-10-21,25853,5303882,570,155481,0.02931,,,,363283.0
43,2020-10-22,24765,5328647,505,155986,0.02927,,,,367305.0
43,2020-10-23,29912,5358559,563,156549,0.02921,,,,377546.0
43,2020-10-24,25064,5383623,387,156936,0.02915,,,,379159.0
44,2020-10-25,12253,5395876,233,157169,0.02913,,,,371813.0
44,2020-10-26,18607,5414483,302,157471,0.02908,,,,361275.0
44,2020-10-27,29955,5444438,525,157996,0.02902,,,,371709.0
44,2020-10-28,28375,5472813,505,158501,0.02896,,,,366535.0
44,2020-10-29,26684,5499497,551,159052,0.02892,,,,377871.0
44,2020-10-30,24364,5523861,573,159625,0.0289,,,,376801.0
44,2020-10-31,13166,5537027,292,159917,0.02888,,,,371949.0
45,2020-11-01,10187,5547214,203,160120,0.02886,,,,364656.0
45,2020-11-02,8249,5555463,165,160285,0.02885,,,,355740.0
45,2020-11-03,14581,5570044,288,160573,0.02883,,,,348774.0
45,2020-11-04,23313,5593357,618,161191,0.02882,,,,354004.0
45,2020-11-05,23842,5617199,603,161794,0.0288,,,,352643.0
45,2020-11-06,20200,5637399,271,162065,0.02875,,,,357178.0
45,2020-11-07,17743,5655142,228,162293,0.0287,,,,354208.0
46,2020-11-08,10502,5665644,190,162483,0.02868,,,,355989.0
46,2020-11-09,13412,5679056,186,162669,0.02864,,,,353161.0
46,2020-11-10,46421,5725477,198,162867,0.02845,,,,378640.0
46,2020-11-11,26244,5751721,574,163441,0.02842,,,,365343.0
46,2020-11-12,33901,5785622,933,164374,0.02841,,,,366791.0
46,2020-11-13,38715,5824337,576,164950,0.02832,,,,384575.0
46,2020-11-14,26277,5850614,734,165684,0.02832,,,,405478.0
47,2020-11-15,13905,5864519,140,165824,0.02828,,,,417840.0
47,2020-11-16,15741,5880260,257,166081,0.02824,,,,378681.0
47,2020-11-17,35488,5915748,678,166759,0.02819,,,,390690.0
47,2020-11-18,34530,5950278,755,167514,0.02815,,,,399379.0
47,2020-11-19,35981,5986259,647,168161,0.02809,,,,412032.0
47,2020-11-20,38858,6025117,514,168675,0.028,,,,425546.0
47,2020-11-21,30221,6055338,357,169032,0.02791,,,,449117.0
48,2020-11-22,17925,6073263,178,169210,0.02786,,,,444747.0
48,2020-11-23,18156,6091419,355,169565,0.02784,,,,440670.0
48,2020-11-24,34529,6125948,627,170192,0.02778,,,,446111.0
48,2020-11-25,44623,6170571,623,170815,0.02768,,,,465746.0
48,2020-11-26,40882,6211453,710,171525,0.02761,,,,483041.0
48,2020-11-27,33507,6244960,559,172084,0.02756,,,,491440.0
48,2020-11-28,51484,6296444,544,172628,0.02742,,,,540391.0
49,2020-11-29,21008,6317452,233,172861,0.02736,,,,560003.0
49,2020-11-30,23691,6341143,351,173212,0.02732,,,,486283.0
49,2020-12-01,51984,6393127,685,173897,0.0272,,,,506925.0
49,2020-12-02,48472,6441599,679,174576,0.0271,,,,507729.0
49,2020-12-03,50133,6491732,761,175337,0.02701,,,,523856.0
49,2020-12-04,47669,6539401,678,176015,0.02692,,,,537641.0
49,2020-12-05,40281,6579682,647,176662,0.02685,,,,538182.0
50,2020-12-06,26430,6606112,340,177002,0.02679,,,,559690.0
50,2020-12-07,27019,6633131,425,177427,0.02675,,,,538367.0
50,2020-12-08,47795,6680926,797,178224,0.02668,,,,536584.0
50,2020-12-09,54581,6735507,853,179077,0.02659,,,,586110.0
50,2020-12-10,53546,6789053,769,179846,0.02649,,,,565988.0
50,2020-12-11,52545,6841598,661,180507,0.02638,,,,582804.0
50,2020-12-12,42321,6883919,677,181184,0.02632,,,,619580.0
51,2020-12-13,22029,6905948,295,181479,0.02628,,,,586120.0
51,2020-12-14,27373,6933321,513,181992,0.02625,,,,593280.0
51,2020-12-15,48027,6981348,934,182926,0.0262,,,,591939.0
51,2020-12-16,66120,7047468,941,183867,0.02609,,,,624409.0
51,2020-12-17,68689,7116157,1060,184927,0.02599,,,,629683.0
51,2020-12-18,52846,7169003,816,185743,0.02591,,,,660305.0
51,2020-12-19,48239,7217242,659,186402,0.02583,,,,641902.0
52,2020-12-20,24482,7241724,418,186820,0.0258,,,,642748.0
52,2020-12-21,27640,7269364,561,187381,0.02578,,,,612673.0
52,2020-12-22,56661,7326025,969,188350,0.02571,,,,636334.0
52,2020-12-23,45667,7371692,965,189315,0.02568,,,,663572.0
52,2020-12-24,58209,7429901,760,190075,0.02558,,,,715929.0
52,2020-12-25,21180,7451081,482,190557,0.02557,,,,733257.0
52,2020-12-26,17533,7468614,296,190853,0.02555,,,,623572.0
53,2020-12-27,17612,7486226,337,191190,0.02554,,,,616243.0
53,2020-12-28,27435,7513661,537,191727,0.02552,,,,607903.0
53,2020-12-29,56367,7570028,1050,192777,0.02547,,,,623140.0
53,2020-12-30,55593,7625621,1216,193993,0.02544,,,,617536.0
53,2020-12-31,54461,7680082,1015,195008,0.02539,,,,636230.0
53,2021-01-01,22937,7703019,470,195478,0.02538,,,,652169.0
53,2021-01-02,15351,7718370,292,195770,0.02536,,,,629344.0
101,2021-01-03,17189,7735559,311,196081,0.02535,,,,635096.0
101,2021-01-04,25030,7760589,594,196675,0.02534,,,,613869.0
101,2021-01-05,58081,7818670,1188,197863,0.02531,,,,625266.0
101,2021-01-06,62481,7881151,1230,199093,0.02526,,,,648772.0
101,2021-01-07,87955,7969106,1518,200611,0.02517,,,,686974.0
101,2021-01-08,59576,8028682,1078,201689,0.02512,,,,690176.0
101,2021-01-09,51388,8080070,1008,202697,0.02509,,,,671963.0
102,2021-01-10,29027,8109097,489,203186,0.02506,,,,674575.0
102,2021-01-11,30739,8139836,491,203677,0.02502,,,,662922.0
102,2021-01-12,64415,8204251,1125,204802,0.02496,,,,714504.0
102,2021-01-13,59806,8264057,1264,206066,0.02494,,,,709802.0
102,2021-01-14,68317,8332374,1154,207220,0.02487,,,,730415.0
102,2021-01-15,69087,8401461,1136,208356,0.0248,,,,755030.0
102,2021-01-16,58438,8459899,1014,209370,0.02475,,,,764706.0
103,2021-01-17,31414,8491313,551,209921,0.02472,371.0,19.0,99.0,758541.0
103,2021-01-18,28924,8520237,476,210397,0.02469,1621.0,157.0,116.0,749380.0
103,2021-01-19,62137,8582374,1160,211557,0.02465,15934.0,157.0,147.0,752737.0
103,2021-01-20,64470,8646844,1395,212952,0.02463,124620.0,157.0,214.0,809043.0
103,2021-01-21,58937,8705781,1347,214299,0.02462,270572.0,157.0,458.0,818390.0
103,2021-01-22,56591,8762372,1071,215370,0.02458,617925.0,157.0,854.0,792327.0
103,2021-01-23,58294,8820666,1145,216515,0.02455,742705.0,157.0,932.0,812600.0
104,2021-01-24,28517,8849183,594,217109,0.02453,786821.0,158.0,971.0,810698.0
104,2021-01-25,30528,8879711,689,217798,0.02453,1004859.0,158.0,1088.0,796944.0
104,2021-01-26,61598,8941309,1154,218952,0.02449,1258914.0,158.0,1238.0,791977.0
104,2021-01-27,64761,9006070,1336,220288,0.02446,1571594.0,159.0,1364.0,821606.0
104,2021-01-28,60744,9066814,1437,221725,0.02445,1833299.0,160.0,1534.0,852183.0
104,2021-01-29,59484,9126298,1084,222809,0.02441,2221823.0,160.0,1662.0,836886.0
104,2021-01-30,53110,9179408,1192,224001,0.0244,2341547.0,163.0,1678.0,806736.0
105,2021-01-31,27898,9207306,568,224569,0.02439,2377136.0,167.0,1700.0,806364.0
105,2021-02-01,28479,9235785,622,225191,0.02438,2581406.0,167.0,1812.0,788163.0
105,2021-02-02,56262,9292047,1259,226450,0.02437,2811140.0,168.0,2015.0,807523.0
105,2021-02-03,54401,9346448,1197,227647,0.02436,3101818.0,169.0,2267.0,805757.0
105,2021-02-04,57100,9403548,1276,228923,0.02434,3409546.0,169.0,2582.0,808428.0
105,2021-02-05,51681,9455229,1251,230174,0.02434,3756691.0,169.0,4900.0,828907.0
105,2021-02-06,46309,9501538,937,231111,0.02432,3885627.0,170.0,22668.0,840538.0
106,2021-02-07,26161,9527699,488,231599,0.02431,3927535.0,170.0,28726.0,827641.0
106,2021-02-08,28578,9556277,720,232319,0.02431,4135700.0,176.0,37466.0,845140.0
106,2021-02-09,51205,9607482,1314,233633,0.02432,4387902.0,179.0,56396.0,796642.0
106,2021-02-10,61094,9668576,1361,234994,0.0243,4626757.0,184.0,93862.0,817300.0
106,2021-02-11,53598,9722174,1441,236435,0.02432,4849125.0,184.0,173450.0,848689.0
106,2021-02-12,48933,9771107,1220,237655,0.02432,5170209.0,185.0,322027.0,814073.0
106,2021-02-13,44852,9815959,1025,238680,0.02432,5248903.0,187.0,351706.0,829775.0
107,2021-02-14,30720,9846679,653,239333,0.02431,5270146.0,188.0,385544.0,839379.0
107,2021-02-15,25801,9872480,610,239943,0.0243,5461626.0,190.0,520355.0,800417.0
107,2021-02-16,65264,9937744,1092,241035,0.02425,5607935.0,190.0,646660.0,837552.0
107,2021-02-17,47216,9984960,1189,242224,0.02426,5751662.0,192.0,824416.0,800690.0
107,2021-02-18,53466,10038426,1438,243662,0.02427,5897311.0,192.0,1008364.0,815112.0
107,2021-02-19,52137,10090563,1330,244992,0.02428,6001187.0,192.0,1177543.0,824115.0
107,2021-02-20,52370,10142933,1031,246023,0.02426,6054262.0,193.0,1251201.0,826405.0
108,2021-02-21,29483,10172416,606,246629,0.02424,6090376.0,194.0,1288434.0,830095.0
108,2021-02-22,31830,10204246,711,247340,0.02424,6217962.0,196.0,1409292.0,848701.0
108,2021-02-23,63564,10267810,1358,248698,0.02422,6315259.0,196.0,1548283.0,829209.0
108,2021-02-24,65377,10333187,1446,250144,0.02421,6390478.0,196.0,1706771.0,868706.0
108,2021-02-25,68275,10401462,1575,251719,0.0242,6525126.0,213.0,1863288.0,879243.0
108,2021-02-26,63384,10464846,1343,253062,0.02418,6617022.0,214.0,1987907.0,902216.0
108,2021-02-27,58413,10523259,1252,254314,0.02417,6740530.0,214.0,2016169.0,896399.0
109,2021-02-28,33361,10556620,772,255086,0.02416,6767836.0,214.0,2023405.0,919218.0
109,2021-03-01,40372,10596992,826,255912,0.02415,7095772.0,215.0,2150130.0,903469.0
109,2021-03-02,59684,10656676,1721,257633,0.02418,7410337.0,216.0,2303292.0,892780.0
109,2021-03-03,72893,10729569,1846,259479,0.02418,7776078.0,217.0,2479739.0,921775.0
109,2021-03-04,75996,10805565,1806,261285,0.02418,8033606.0,217.0,2634001.0,938297.0
109,2021-03-05,72493,10878058,1713,262998,0.02418,8281676.0,217.0,2795701.0,958805.0
109,2021-03-06,66901,10944959,1489,264487,0.02417,8466297.0,217.0,2866480.0,994448.0
110,2021-03-07,81684,11026643,1098,265585,0.02409,8550598.0,217.0,2897212.0,1021594.0
110,2021-03-08,36568,11063211,1118,266703,0.02411,8821527.0,219.0,3031170.0,969153.0
110,2021-03-09,71285,11134496,1949,268652,0.02413,9060486.0,219.0,3172596.0,987278.0
110,2021-03-10,81458,11215954,2379,271031,0.02416,9297385.0,219.0,3350041.0,1022929.0
110,2021-03-11,77059,11293013,2194,273225,0.02419,9568211.0,276.0,3498694.0,1034966.0
110,2021-03-12,82464,11375477,2122,275347,0.02421,9812190.0,349.0,3658167.0,1052162.0
110,2021-03-13,70343,11445820,1955,277302,0.02423,9941566.0,476.0,3741856.0,1083698.0
111,2021-03-14,43445,11489265,1069,278371,0.02423,9989213.0,478.0,3757029.0,1070324.0
111,2021-03-15,44299,11533564,1332,279703,0.02425,10409072.0,655.0,3862885.0,1057265.0
111,2021-03-16,85630,11619194,2848,282551,0.02432,10723506.0,814.0,3979834.0,1075489.0
111,2021-03-17,88640,11707834,2661,285212,0.02436,11022213.0,1001.0,4097003.0,1095182.0
111,2021-03-18,87918,11795752,2723,287935,0.02441,11345737.0,1126.0,4199813.0,1123144.0
111,2021-03-19,88090,11883842,2654,290589,0.02445,11916399.0,1256.0,4280477.0,1154766.0
111,2021-03-20,73299,11957141,2369,292958,0.0245,12153768.0,1288.0,4310096.0,1187099.0
112,2021-03-21,47441,12004582,1246,294204,0.02451,12230244.0,1288.0,4328788.0,1185260.0
112,2021-03-22,55963,12060545,1601,295805,0.02453,12713229.0,1408.0,4420680.0,1143965.0
112,2021-03-23,85188,12145733,3147,298952,0.02461,13190572.0,1486.0,4510309.0,1177291.0
112,2021-03-24,90892,12236625,2316,301268,0.02462,13811174.0,1547.0,4642599.0,1185226.0
112,2021-03-25,98246,12334871,2651,303919,0.02464,14523255.0,1580.0,4753183.0,1222453.0
112,2021-03-26,80338,12415209,3510,307429,0.02476,15449212.0,1601.0,4858016.0,1220988.0
112,2021-03-27,81692,12496901,3406,310835,0.02487,15808639.0,1619.0,4891621.0,1237684.0
113,2021-03-28,46955,12543856,1581,312416,0.02491,16032102.0,1619.0,4914947.0,1227159.0
113,2021-03-29,42606,12586462,2012,314428,0.02498,16815642.0,1645.0,5042161.0,1247123.0
113,2021-03-30,86426,12672888,3653,318081,0.0251,17432139.0,1654.0,5164690.0,1269438.0
113,2021-03-31,88713,12761601,3924,322005,0.02523,18152566.0,1667.0,5306324.0,1258225.0
113,2021-04-01,87759,12849360,3652,325657,0.02534,19023992.0,1680.0,5451987.0,1283490.0
113,2021-04-02,69371,12918731,2801,328458,0.02542,19292331.0,1692.0,5490834.0,1310251.0
113,2021-04-03,39350,12958081,1909,330367,0.0255,19585002.0,1699.0,5550049.0,1300204.0
114,2021-04-04,32314,12990395,1242,331609,0.02553,19868128.0,1699.0,5596114.0,1292114.0
114,2021-04-05,42665,13033060,1909,333518,0.02559,20426450.0,1734.0,5828591.0,1293984.0
114,2021-04-06,85120,13118180,4065,337583,0.02573,21163565.0,1778.0,6100016.0,1321049.0
114,2021-04-07,88676,13206856,3671,341254,0.02584,21805470.0,1794.0,6306137.0,1254975.0
114,2021-04-08,88538,13295394,4146,345400,0.02598,22484502.0,1807.0,6598439.0,1281260.0
114,2021-04-09,88097,13383491,3751,349151,0.02609,22921482.0,1813.0,7090280.0,1309092.0
114,2021-04-10,66537,13450028,2378,351529,0.02614,23334052.0,1819.0,7227772.0,1358850.0
115,2021-04-11,39173,13489201,1857,353386,0.0262,23534620.0,1821.0,7294873.0,1256857.0
115,2021-04-12,39640,13528841,1709,355095,0.02625,24186588.0,1830.0,7655107.0,1276317.0
115,2021-04-13,82640,13611481,3754,358849,0.02636,24748488.0,1834.0,7988748.0,1248041.0
115,2021-04-14,74584,13686065,3444,362293,0.02647,25280429.0,1834.0,8389340.0,1271489.0
115,2021-04-15,71176,13757241,3491,365784,0.02659,25756818.0,1835.0,8814874.0,1268149.0
115,2021-04-16,84374,13841615,3337,369121,0.02667,26076390.0,1836.0,9459241.0,1299036.0
115,2021-04-17,68555,13910170,2877,371998,0.02674,26305021.0,1836.0,9742322.0,1325282.0
116,2021-04-18,38834,13949004,1521,373519,0.02678,26419160.0,1836.0,9814936.0,1271947.0
116,2021-04-19,36507,13985511,1756,375275,0.02683,26885797.0,1837.0,10370337.0,1263408.0
116,2021-04-20,72628,14058139,3345,378620,0.02693,27377674.0,1837.0,10868518.0,1253728.0
116,2021-04-21,73982,14132121,3196,381816,0.02702,27742769.0,1838.0,11072933.0,1314095.0
116,2021-04-22,48101,14180222,2051,383867,0.02707,28118736.0,1838.0,11543333.0,1265385.0
116,2021-04-23,69277,14249499,3042,386909,0.02715,29038640.0,1839.0,12443776.0,1268633.0
116,2021-04-24,63774,14313273,2766,389675,0.02722,29223769.0,1839.0,12662457.0,1317587.0
117,2021-04-25,33639,14346912,1334,391009,0.02725,29276343.0,1839.0,12728879.0,1341344.0
117,2021-04-26,32387,14379299,1380,392389,0.02729,29816426.0,1839.0,13335822.0,1279410.0
117,2021-04-27,75827,14455126,3081,395470,0.02736,30472317.0,1840.0,14162647.0,1242693.0
117,2021-04-28,77268,14532394,3007,398477,0.02742,30952357.0,1844.0,14782827.0,1278970.0
117,2021-04-29,68603,14600997,3032,401509,0.0275,31478088.0,1845.0,15333064.0,1238959.0
117,2021-04-30,72000,14672997,2860,404369,0.02756,31918680.0,1848.0,15844406.0,1261063.0
117,2021-05-01,58289,14731286,2239,406608,0.0276,32046805.0,1849.0,15968798.0,1280331.0
118,2021-05-02,29287,14760573,1265,407873,0.02763,32222879.0,1851.0,16005216.0,1269150.0
118,2021-05-03,38971,14799544,1125,408998,0.02764,32680022.0,1851.0,16432900.0,1255403.0
118,2021-05-04,69530,14869074,2979,411977,0.02771,33283393.0,1851.0,16864957.0,1286536.0
118,2021-05-05,76366,14945440,2770,414747,0.02775,33968856.0,1854.0,17225254.0,1276033.0
118,2021-05-06,72281,15017721,2535,417282,0.02779,34902080.0,1858.0,17501317.0,1314850.0
118,2021-05-07,76830,15094551,2184,419466,0.02779,35596026.0,1860.0,17776236.0,1275010.0
118,2021-05-08,61749,15156300,2080,421546,0.02781,35814357.0,1861.0,17850198.0,1312707.0
119,2021-05-09,32720,15189020,922,422468,0.02781,35870764.0,1861.0,17876103.0,1309152.0
119,2021-05-10,36287,15225307,1111,423579,0.02782,36485491.0,1864.0,18218972.0,1320666.0
119,2021-05-11,70082,15295389,2244,425823,0.02784,37071677.0,1867.0,18519017.0,1277103.0
119,2021-05-12,76237,15371626,2581,428404,0.02787,37816946.0,1868.0,18795392.0,1315236.0
119,2021-05-13,80018,15451644,2277,430681,0.02787,38349928.0,1870.0,18930172.0,1358273.0
119,2021-05-14,77910,15529554,2187,432868,0.02787,38952701.0,1870.0,19109798.0,1393406.0
119,2021-05-15,67348,15596902,2001,434869,0.02788,39191828.0,1874.0,19212287.0,1397513.0
120,2021-05-16,37559,15634461,1060,435929,0.02788,39369758.0,1874.0,19296987.0,1433063.0
120,2021-05-17,35584,15670045,1084,437013,0.02789,39961191.0,1876.0,19563009.0,1370417.0
120,2021-05-18,74799,15744844,2451,439464,0.02791,40557385.0,1876.0,19832862.0,1347566.0
120,2021-05-19,80257,15825101,2499,441963,0.02793,41125491.0,1876.0,20040133.0,1337817.0
120,2021-05-20,83378,15908479,2510,444473,0.02794,41812653.0,1883.0,20324286.0,1379133.0
120,2021-05-21,76621,15985100,2126,446599,0.02794,42390055.0,1883.0,20585863.0,1434701.0
120,2021-05-22,67893,16052993,1726,448325,0.02793,42609906.0,1884.0,20705991.0,1472225.0
121,2021-05-23,38490,16091483,889,449214,0.02792,43196516.0,1884.0,20930183.0,1509826.0
121,2021-05-24,37466,16128949,861,450075,0.0279,43721132.0,1887.0,21224014.0,1488230.0
121,2021-05-25,74026,16202975,2183,452258,0.02791,44232454.0,1887.0,21519177.0,1518726.0
121,2021-05-26,80231,16283206,2463,454721,0.02793,44744459.0,1887.0,21750092.0,1517802.0
121,2021-05-27,64520,16347726,2101,456822,0.02794,45228177.0,1889.0,21959719.0,1435094.0
121,2021-05-28,53875,16401601,2425,459247,0.028,46007036.0,1896.0,22203681.0,1449653.0
121,2021-05-29,75861,16477462,1939,461186,0.02799,46306587.0,1899.0,22278959.0,1475769.0
122,2021-05-30,41447,16518909,913,462099,0.02797,46385885.0,1902.0,22309800.0,1512025.0
122,2021-05-31,36599,16555508,965,463064,0.02797,47021991.0,1903.0,22451301.0,1506435.0
122,2021-06-01,78904,16634412,2332,465396,0.02798,47627660.0,1908.0,22661443.0,1446824.0
122,2021-06-02,96270,16730682,2507,467903,0.02797,48582786.0,1932.0,22947743.0,1497623.0
122,2021-06-03,76061,16806743,1913,469816,0.02795,49046839.0,1938.0,23031492.0,1518743.0
122,2021-06-04,43168,16849911,1191,471007,0.02795,49684272.0,1942.0,23095495.0,1503981.0
122,2021-06-05,61660,16911571,1670,472677,0.02795,50191277.0,1946.0,23179676.0,1494825.0
123,2021-06-06,40343,16951914,880,473557,0.02794,50384506.0,1951.0,23209508.0,1475540.0
123,2021-06-07,39701,16991615,1149,474706,0.02794,51087585.0,1960.0,23311429.0,1494260.0
123,2021-06-08,55703,17047318,2647,477353,0.028,52205050.0,1973.0,23487857.0,1510253.0
123,2021-06-09,84846,17132164,2389,479742,0.028,53277689.0,1979.0,23615375.0,1498321.0
123,2021-06-10,91231,17223395,2501,482243,0.028,54305523.0,2047.0,23727765.0,1529976.0
123,2021-06-11,86306,17309701,2176,484419,0.02799,55458519.0,2047.0,23846061.0,1564823.0
123,2021-06-12,73760,17383461,1974,486393,0.02798,56082538.0,2047.0,23884111.0,1596797.0
124,2021-06-13,36982,17420443,1119,487512,0.02799,56403706.0,2051.0,23906617.0,1531507.0
124,2021-06-14,42685,17463128,1019,488531,0.02797,57471235.0,2074.0,23975227.0,1505530.0
124,2021-06-15,87119,17550247,2683,491214,0.02799,58758537.0,2127.0,24081010.0,1539078.0
124,2021-06-16,86519,17636766,2700,493914,0.028,60060884.0,2196.0,24162038.0,1555290.0
124,2021-06-17,76465,17713231,2314,496228,0.02801,62217932.0,2379.0,24300880.0,1556389.0
124,2021-06-18,95432,17808663,2475,498703,0.028,63852264.0,2558.0,24420458.0,1622771.0
124,2021-06-19,77930,17886593,2205,500908,0.028,64744486.0,2722.0,24492749.0,1640222.0
125,2021-06-20,44581,17931174,1031,501939,0.02799,65176731.0,2734.0,24514458.0,1683772.0
125,2021-06-21,45396,17976570,981,502920,0.02798,66498448.0,2920.0,24634850.0,1639336.0
125,2021-06-22,124239,18100809,2103,505023,0.0279,67735474.0,3254.0,24771270.0,1610161.0
125,2021-06-23,77384,18178193,2265,507288,0.02791,68991818.0,3603.0,24930130.0,1661514.0
125,2021-06-24,76610,18254803,2038,509326,0.0279,70234807.0,4105.0,25246955.0,1707247.0
125,2021-06-25,75050,18329853,2007,511333,0.0279,71508496.0,14383.0,25431563.0,1682345.0
125,2021-06-26,60662,18390515,1516,512849,0.02789,72163060.0,70842.0,25488639.0,1731058.0
126,2021-06-27,31978,18422493,720,513569,0.02788,72380250.0,102889.0,25504188.0,1748098.0
126,2021-06-28,32049,18454542,714,514283,0.02787,73195993.0,286957.0,25638452.0,1699879.0
126,2021-06-29,65948,18520490,1938,516221,0.02787,74570994.0,501125.0,25914430.0,1726484.0
126,2021-06-30,47128,18567618,2063,518284,0.02791,75653853.0,619863.0,26100179.0,1742962.0
126,2021-07-01,61119,18628737,1932,520216,0.02793,76721747.0,718363.0,26305954.0,1631268.0
126,2021-07-02,63565,18692302,1875,522091,0.02793,77912380.0,842227.0,26491236.0,1660390.0
126,2021-07-03,53729,18746031,1635,523726,0.02794,78439069.0,918535.0,26574196.0,1698205.0
127,2021-07-04,25460,18771491,771,524497,0.02794,78701024.0,948036.0,26617306.0,1664511.0
127,2021-07-05,27929,18799420,787,525284,0.02794,79846004.0,1034957.0,26894631.0,1598575.0
127,2021-07-06,61672,18861092,1757,527041,0.02794,80928485.0,1279390.0,27130766.0,1593915.0
127,2021-07-07,54146,18915238,1584,528625,0.02795,82049424.0,1696298.0,27365735.0,1623091.0
127,2021-07-08,54134,18969372,1727,530352,0.02796,83054186.0,2024256.0,27671788.0,1642859.0
127,2021-07-09,58440,19027812,1472,531824,0.02795,83963770.0,2322374.0,27875404.0,1672687.0
127,2021-07-10,44115,19071927,1157,532981,0.02795,84546364.0,2501776.0,28050556.0,1555613.0
128,2021-07-11,19144,19091071,564,533545,0.02795,84798718.0,2586860.0,28120270.0,1556483.0
128,2021-07-12,19211,19110282,779,534324,0.02796,85646641.0,2733883.0,28439355.0,1561162.0
128,2021-07-13,48551,19158833,1658,535982,0.02798,86545536.0,2916754.0,28833237.0,1585824.0
128,2021-07-14,56089,19214922,1535,537517,0.02797,87432570.0,3089314.0,29326695.0,1548976.0
128,2021-07-15,54382,19269304,1609,539126,0.02798,88324348.0,3524015.0,29508521.0,1588330.0
128,2021-07-16,42903,19312207,1389,540515,0.02799,89212784.0,3644912.0,30019411.0,1519042.0
128,2021-07-17,49029,19361236,1271,541786,0.02798,89819329.0,3716863.0,30284069.0,1565121.0
129,2021-07-18,16742,19377978,481,542267,0.02798,89986618.0,3741213.0,30328599.0,1530897.0
129,2021-07-19,16743,19394721,668,542935,0.02799,91129378.0,3811967.0,30757704.0,1495521.0
129,2021-07-20,31134,19425855,1379,544314,0.02802,92381239.0,3912368.0,31338391.0,1510476.0
129,2021-07-21,55828,19481683,1400,545714,0.02801,93512900.0,3981503.0,32049212.0,1531474.0
129,2021-07-22,48673,19530356,1430,547144,0.02802,94602526.0,4039425.0,32885235.0,1512880.0
129,2021-07-23,107104,19637460,1291,548435,0.02793,95925985.0,4079831.0,33340621.0,1613934.0
129,2021-07-24,34647,19672107,1080,549515,0.02793,96564988.0,4107276.0,33610072.0,1465967.0
130,2021-07-25,18255,19690362,479,549994,0.02793,96757966.0,4117778.0,33717852.0,1438330.0
130,2021-07-26,21433,19711795,625,550619,0.02793,97612047.0,4154429.0,34227225.0,1456475.0
130,2021-07-27,43583,19755378,1289,551908,0.02794,98588962.0,4189825.0,34896306.0,1465793.0
130,2021-07-28,47040,19802418,1372,553280,0.02794,99528292.0,4249350.0,35693981.0,1506606.0
130,2021-07-29,41316,19843734,1340,554620,0.02795,100315833.0,4293278.0,36424210.0,1517886.0
130,2021-07-30,40365,19884099,883,555503,0.02794,101425251.0,4325927.0,37142897.0,1557368.0
130,2021-07-31,35083,19919182,949,556452,0.02794,102009213.0,4339633.0,37506701.0,1591502.0
131,2021-08-01,20352,19939534,415,556867,0.02793,102219404.0,4343151.0,37591562.0,1611439.0
131,2021-08-02,18861,19958395,544,557411,0.02793,102963042.0,4368963.0,38159388.0,1629756.0
131,2021-08-03,32479,19990874,1236,558647,0.02795,104067439.0,4389581.0,38775741.0,1660999.0
131,2021-08-04,40528,20031402,1072,559719,0.02794,105557919.0,4419495.0,39704781.0,1700455.0
131,2021-08-05,39479,20070881,1126,560845,0.02794,106643388.0,4442428.0,40332783.0,1407286.0
131,2021-08-06,42662,20113543,957,561802,0.02793,107708000.0,4467453.0,40994780.0,1446140.0
131,2021-08-07,39530,20153073,999,562801,0.02793,108188040.0,4470085.0,41293696.0,1480008.0
132,2021-08-08,13893,20166966,389,563190,0.02793,108393983.0,4472346.0,41432232.0,1483904.0
132,2021-08-09,15533,20182499,507,563697,0.02793,109271077.0,4488071.0,42047595.0,1460961.0
132,2021-08-10,35459,20217958,1268,564965,0.02794,110735371.0,4503286.0,42857898.0,1138111.0
132,2021-08-11,35438,20253396,1044,566009,0.02795,112098379.0,4514945.0,43521149.0,1170424.0
132,2021-08-12,35851,20289247,1016,567025,0.02795,113599066.0,4537071.0,44237956.0,1182526.0
132,2021-08-13,32991,20322238,892,567917,0.02795,114979881.0,4556133.0,44999235.0,1191863.0
132,2021-08-14,29296,20351534,912,568829,0.02795,115917224.0,4573649.0,45436185.0,1199256.0
133,2021-08-15,13766,20365300,389,569218,0.02795,116261846.0,4579343.0,45529197.0,1212633.0
133,2021-08-16,18175,20383475,410,569628,0.02795,117418614.0,4585459.0,46457545.0,1192919.0
133,2021-08-17,38993,20422468,1094,570722,0.02795,119202307.0,4607680.0,47630718.0,1230818.0
133,2021-08-18,40162,20462630,989,571711,0.02794,120254192.0,4613798.0,48493314.0,1099045.0
133,2021-08-19,36008,20498638,1022,572733,0.02794,121662577.0,4622903.0,49534725.0,1118022.0
133,2021-08-20,34206,20532844,894,573627,0.02794,122758871.0,4629410.0,50431004.0,1143406.0
133,2021-08-21,25320,20558164,611,574238,0.02793,123356529.0,4636371.0,50848678.0,1158616.0
134,2021-08-22,13944,20572108,333,574571,0.02793,123617179.0,4641013.0,50992219.0,1159868.0
134,2021-08-23,15642,20587750,417,574988,0.02793,124742933.0,4648864.0,51815817.0,1102652.0
134,2021-08-24,31808,20619558,860,575848,0.02793,126138029.0,4656160.0,52823463.0,1127653.0
134,2021-08-25,29960,20649518,887,576735,0.02793,127437586.0,4661733.0,53808468.0,1051586.0
134,2021-08-26,30919,20680437,870,577605,0.02793,128317038.0,4666349.0,54601288.0,1081635.0
134,2021-08-27,27752,20708189,818,578423,0.02793,129299627.0,4680774.0,55534743.0,1108569.0
134,2021-08-28,22944,20731133,627,579050,0.02793,129951495.0,4684664.0,56182369.0,1130886.0
135,2021-08-29,11263,20742396,278,579328,0.02793,130288151.0,4687578.0,56430160.0,1117982.0
135,2021-08-30,12796,20755192,317,579645,0.02793,131176707.0,4683761.0,57175772.0,1126882.0
135,2021-08-31,26837,20782029,880,580525,0.02793,132569409.0,4687895.0,58500594.0,1124698.0
135,2021-09-01,25740,20807769,696,581221,0.02793,133517290.0,4693458.0,59574212.0,1112353.0
135,2021-09-02,27021,20834790,782,582003,0.02793,134332434.0,4699185.0,60740768.0,1114183.0
135,2021-09-03,23604,20858394,740,582743,0.02794,135075692.0,4706884.0,61927793.0,1032197.0
135,2021-09-04,20323,20878717,637,583380,0.02794,135452788.0,4710243.0,62598142.0,1051883.0
136,2021-09-05,12659,20891376,271,583651,0.02794,135619742.0,4711693.0,62818569.0,1061293.0
136,2021-09-06,10171,20901547,220,583871,0.02793,136395528.0,4714696.0,63532030.0,1071244.0
136,2021-09-07,13603,20915150,327,584198,0.02793,136615117.0,4717128.0,63831395.0,1084520.0
136,2021-09-08,14181,20929331,249,584447,0.02792,137222960.0,4720543.0,65009622.0,1049256.0
136,2021-09-09,32820,20962151,824,585271,0.02792,137948925.0,4724545.0,66540202.0,1080310.0
136,2021-09-10,16453,20978604,636,585907,0.02793,138783405.0,4726307.0,68122170.0,1095457.0
136,2021-09-11,13758,20992362,668,586575,0.02794,139190331.0,4729351.0,68957618.0,975339.0
137,2021-09-12,7861,21000223,299,586874,0.02795,139363152.0,4733374.0,69240293.0,982603.0
137,2021-09-13,8646,21008869,283,587157,0.02795,139802262.0,4736272.0,70271436.0,964599.0
137,2021-09-14,13569,21022438,678,587835,0.02796,140446058.0,4741604.0,71723658.0,965158.0
137,2021-09-15,13275,21035713,801,588636,0.02798,141083418.0,4745526.0,72896994.0,977632.0
137,2021-09-16,35446,21071159,663,589299,0.02797,141536512.0,4749727.0,73893667.0,1005679.0
137,2021-09-17,35333,21106492,638,589937,0.02795,142269383.0,4756330.0,75433347.0,1005474.0
137,2021-09-18,124876,21231368,586,590523,0.02781,142610899.0,4758931.0,76107426.0,1129764.0
138,2021-09-19,9173,21240541,248,590771,0.02781,142780225.0,4759605.0,76334086.0,1125435.0
138,2021-09-20,9283,21249824,265,591036,0.02781,143134036.0,4761186.0,77091124.0,1134453.0
138,2021-09-21,15375,21265199,673,591709,0.02783,143665481.0,4763797.0,78287112.0,978248.0
138,2021-09-22,32582,21297781,665,592374,0.02781,144139698.0,4768787.0,79466411.0,1010165.0
138,2021-09-23,24911,21322692,629,593003,0.02781,144666016.0,4773053.0,80685973.0,795758.0
138,2021-09-24,18660,21341352,680,593683,0.02782,145137451.0,4776007.0,81941333.0,637171.0
138,2021-09-25,13859,21355211,540,594223,0.02783,145522998.0,4776970.0,82602103.0,650490.0
139,2021-09-26,8856,21364067,266,594489,0.02783,145695638.0,4777493.0,82909923.0,652508.0
139,2021-09-27,9337,21373404,194,594683,0.02782,145989456.0,4779691.0,83620522.0,652706.0
139,2021-09-28,16877,21390281,817,595500,0.02784,146486537.0,4782418.0,84882104.0,651888.0
139,2021-09-29,16883,21407164,681,596181,0.02785,146976511.0,4785856.0,86061044.0,666157.0
139,2021-09-30,21948,21429112,608,596789,0.02785,147506619.0,4787472.0,87256425.0,687497.0
139,2021-10-01,18051,21447163,490,597279,0.02785,147966023.0,4793599.0,88531694.0,693172.0
139,2021-10-02,12386,21459549,454,597733,0.02785,148220675.0,4795687.0,89181211.0,631882.0
140,2021-10-03,9153,21468702,226,597959,0.02785,148325259.0,4795956.0,89399635.0,640809.0
140,2021-10-04,11517,21480219,204,598163,0.02785,148555431.0,4797983.0,90048374.0,648043.0
140,2021-10-05,22137,21502356,684,598847,0.02785,148933397.0,4798535.0,90818250.0,616558.0
140,2021-10-06,18543,21520899,570,599417,0.02785,149306674.0,4799479.0,91913813.0,621409.0
140,2021-10-07,14610,21535509,427,599844,0.02785,149685785.0,4800238.0,92951850.0,531502.0
140,2021-10-08,18531,21554040,630,600474,0.02786,149990466.0,4801916.0,94038302.0,540225.0
140,2021-10-09,14803,21568843,416,600890,0.02786,150154770.0,4803635.0,94628282.0,536239.0
141,2021-10-10,8412,21577255,151,601041,0.02786,150258549.0,4806815.0,95060781.0,540969.0
141,2021-10-11,6992,21584247,207,601248,0.02786,150543685.0,4808649.0,95621019.0,547754.0
141,2021-10-12,7355,21591602,175,601423,0.02785,150653610.0,4809725.0,95848001.0,545343.0
141,2021-10-13,8367,21599969,205,601628,0.02785,150756929.0,4807744.0,96406529.0,535361.0
141,2021-10-14,15224,21615193,571,602199,0.02786,151478284.0,4809191.0,97799208.0,500296.0
141,2021-10-15,14290,21629483,507,602706,0.02787,151960830.0,4811092.0,99074497.0,511947.0
141,2021-10-16,9759,21639242,465,603171,0.02787,152247868.0,4815068.0,99831364.0,520419.0
142,2021-10-17,6185,21645427,128,603299,0.02787,152346646.0,4820051.0,100125423.0,526476.0
142,2021-10-18,9316,21654743,202,603501,0.02787,152467703.0,4820912.0,100614355.0,535590.0
142,2021-10-19,13227,21667970,379,603880,0.02787,152777319.0,4839357.0,101720740.0,548438.0
142,2021-10-20,15705,21683675,398,604278,0.02787,153198083.0,4845445.0,102936781.0,563745.0
142,2021-10-21,16983,21700658,466,604744,0.02787,153345920.0,4846280.0,103548222.0,578412.0
142,2021-10-22,13395,21714053,447,605191,0.02787,153536171.0,4848818.0,104339585.0,533727.0
142,2021-10-23,11905,21725958,350,605541,0.02787,153663135.0,4848855.0,104760568.0,545282.0
143,2021-10-24,4536,21730494,119,605660,0.02787,153835021.0,4850618.0,105273222.0,549699.0
143,2021-10-25,7825,21738319,207,605867,0.02787,154112229.0,4854775.0,106884985.0,557317.0
143,2021-10-26,13343,21751662,403,606270,0.02787,154459458.0,4851963.0,107931260.0,562923.0
143,2021-10-27,17116,21768778,435,606705,0.02787,154724938.0,4854041.0,109010907.0,557081.0
143,2021-10-28,13685,21782463,373,607078,0.02787,154996595.0,4853946.0,109989274.0,570393.0
143,2021-10-29,12679,21795142,408,607486,0.02787,155228462.0,4855880.0,110925894.0,467442.0
143,2021-10-30,10012,21805154,216,607702,0.02787,155331332.0,4856587.0,111252433.0,477092.0
144,2021-10-31,6130,21811284,133,607835,0.02787,155399513.0,4857645.0,111464012.0,483089.0
144,2021-11-01,4625,21815909,103,607938,0.02787,155441226.0,4857871.0,111633244.0,484761.0
144,2021-11-02,5918,21821827,152,608090,0.02787,155477490.0,4857941.0,111744887.0,472798.0
144,2021-11-03,16300,21838127,190,608280,0.02785,155596734.0,4859363.0,112376818.0,488402.0
144,2021-11-04,13246,21851373,434,608714,0.02786,155857431.0,4861101.0,113310710.0,501214.0
144,2021-11-05,12991,21864364,382,609096,0.02786,156142049.0,4854495.0,114614400.0,512147.0
144,2021-11-06,11173,21875537,303,609399,0.02786,156232064.0,4854833.0,115033631.0,523017.0
145,2021-11-07,5661,21881198,70,609469,0.02785,156506153.0,4857737.0,115248446.0,528608.0
145,2021-11-08,6875,21888073,120,609589,0.02785,156738057.0,4861372.0,116192099.0,530978.0
145,2021-11-09,11809,21899882,208,609797,0.02784,156961638.0,4866371.0,117065109.0,542579.0
145,2021-11-10,14980,21914862,268,610065,0.02784,157188513.0,4868450.0,117962076.0,557291.0
145,2021-11-11,15538,21930400,240,610305,0.02783,157460950.0,4871048.0,118919781.0,572589.0
145,2021-11-12,14596,21944996,621,610926,0.02784,157505174.0,4871817.0,119723808.0,586564.0
145,2021-11-13,9358,21954354,307,611233,0.02784,157572317.0,4873104.0,120166125.0,595615.0
146,2021-11-14,4301,21958655,65,611298,0.02784,157664891.0,4873130.0,120406157.0,599851.0
146,2021-11-15,2743,21961398,70,611368,0.02784,157728055.0,4873376.0,120744854.0,601070.0
146,2021-11-16,6564,21967962,142,611510,0.02784,157779564.0,4874098.0,121181363.0,553413.0
146,2021-11-17,13112,21981074,377,611887,0.02784,158005576.0,4875014.0,122216850.0,566148.0
146,2021-11-18,11401,21992475,272,612159,0.02783,158143605.0,4875600.0,122886325.0,564539.0
146,2021-11-19,12371,22004846,236,612395,0.02783,158292931.0,4880041.0,123611126.0,576486.0
146,2021-11-20,8216,22013062,208,612603,0.02783,158424869.0,4880574.0,124082506.0,584494.0
147,2021-11-21,5088,22018150,96,612699,0.02783,158547085.0,4881209.0,124428861.0,583076.0
147,2021-11-22,4609,22022759,126,612825,0.02783,158687350.0,4882578.0,125055152.0,582338.0
147,2021-11-23,12426,22035185,294,613119,0.02782,158834400.0,4883144.0,125745408.0,592410.0
147,2021-11-24,12245,22047430,270,613389,0.02782,158939087.0,4883742.0,126428739.0,567187.0
147,2021-11-25,12275,22059705,288,613677,0.02782,159064028.0,4882764.0,126923222.0,579174.0
147,2021-11-26,10871,22070576,305,613982,0.02782,159268013.0,4880876.0,127617958.0,589740.0
147,2021-11-27,7869,22078445,227,614209,0.02782,159330812.0,4881160.0,127877281.0,597382.0
148,2021-11-28,3536,22081981,80,614289,0.02782,159385492.0,4903907.0,128082439.0,600838.0
148,2021-11-29,4489,22086470,118,614407,0.02782,159455782.0,4902914.0,128461830.0,605209.0
148,2021-11-30,10299,22096769,326,614733,0.02782,159618145.0,4906067.0,129083126.0,615182.0
148,2021-12-01,12265,22109034,268,615001,0.02782,159844609.0,4908898.0,129802251.0,452398.0
148,2021-12-02,11928,22120962,196,615197,0.02781,159971137.0,4910450.0,130484397.0,464130.0
148,2021-12-03,10620,22131582,234,615431,0.02781,160133508.0,4912391.0,131592809.0,474516.0
148,2021-12-04,7406,22138988,146,615577,0.02781,160216881.0,4913519.0,131979338.0,481496.0
149,2021-12-05,4692,22143680,71,615648,0.0278,160262766.0,4913288.0,132053277.0,486117.0
149,2021-12-06,6015,22149695,132,615780,0.0278,160275646.0,4914173.0,132501599.0,492000.0
149,2021-12-07,10133,22159828,261,616041,0.0278,160379320.0,4914550.0,133043639.0,501872.0
149,2021-12-08,10132,22169960,239,616280,0.0278,160467478.0,4913661.0,133385915.0,511765.0
149,2021-12-09,8751,22178711,199,616479,0.0278,160580377.0,4914173.0,134055362.0,520317.0
149,2021-12-10,7063,22185774,228,616707,0.0278,160678223.0,4958731.0,134404749.0,527152.0
149,2021-12-11,2684,22188458,53,616760,0.0278,160696993.0,4959898.0,134467929.0,529783.0
150,2021-12-12,1615,22190073,82,616842,0.0278,160709209.0,4960520.0,134498939.0,531316.0
150,2021-12-13,2770,22192843,45,616887,0.0278,160549031.0,4961039.0,134854190.0,534041.0
150,2021-12-14,4372,22197215,113,617000,0.0278,160592056.0,4914927.0,135263180.0,538300.0
150,2021-12-15,5075,22202290,298,617298,0.0278,160791369.0,4915674.0,136010612.0,543077.0
150,2021-12-16,3659,22205949,123,617421,0.0278,160933856.0,4916176.0,136278329.0,546613.0
150,2021-12-17,4360,22210309,198,617619,0.02781,161046851.0,4916884.0,136511135.0,550775.0
150,2021-12-18,2381,22212690,138,617757,0.02781,161061525.0,4917137.0,136571713.0,553018.0
151,2021-12-19,1458,22214148,55,617812,0.02781,161069896.0,4917171.0,136583563.0,538338.0
151,2021-12-20,2638,22216786,83,617895,0.02781,161121503.0,4918138.0,136794883.0,540893.0
151,2021-12-21,3730,22220516,71,617966,0.02781,161200234.0,4921560.0,137001892.0,544552.0
151,2021-12-22,3422,22223938,149,618115,0.02781,161470455.0,4932212.0,137452502.0,547825.0
151,2021-12-23,3717,22227655,128,618243,0.02781,161525979.0,4933489.0,137884503.0,551414.0
151,2021-12-24,4028,22231683,164,618407,0.02782,161540928.0,4933591.0,137679887.0,555278.0
151,2021-12-25,3222,22234905,47,618454,0.02781,161540935.0,4933592.0,137679916.0,558453.0
152,2021-12-26,4962,22239867,25,618479,0.02781,161550657.0,4933597.0,137692959.0,562422.0
152,2021-12-27,8114,22247981,80,618559,0.0278,161581379.0,4934313.0,137828758.0,570456.0
152,2021-12-28,8635,22256616,170,618729,0.0278,161689557.0,4935453.0,138026189.0,578921.0
152,2021-12-29,9549,22266165,116,618845,0.02779,161768755.0,4936714.0,138338003.0,587739.0
152,2021-12-30,12875,22279040,148,618993,0.02778,161808821.0,4938214.0,138451280.0,600354.0
152,2021-12-31,9595,22288635,86,619079,0.02778,161817865.0,4938611.0,138486380.0,483323.0
152,2022-01-01,3544,22292179,32,619111,0.02777,161821667.0,4938613.0,138491542.0,486835.0
201,2022-01-02,2446,22294625,41,619152,0.02777,161828868.0,4938669.0,138512227.0,489240.0
201,2022-01-03,12299,22306924,72,619224,0.02776,161857606.0,4939336.0,138636526.0,501467.0
201,2022-01-04,18944,22325868,182,619406,0.02774,162047749.0,4940330.0,138806879.0,519690.0
201,2022-01-05,28401,22354269,127,619533,0.02771,162094772.0,4942901.0,138920944.0,547807.0
201,2022-01-06,46665,22400934,174,619707,0.02766,162152945.0,4943725.0,139045557.0,594050.0
201,2022-01-07,53348,22454282,146,619853,0.02761,162192583.0,4946476.0,139310363.0,647252.0
201,2022-01-08,48754,22503036,96,619949,0.02755,162220016.0,4947025.0,139377398.0,695910.0
202,2022-01-09,24437,22527473,49,619998,0.02752,162231433.0,4947037.0,139407999.0,720298.0
202,2022-01-10,34675,22562148,119,620117,0.02748,162324788.0,4948624.0,139747810.0,753908.0
202,2022-01-11,73960,22636108,135,620252,0.0274,162374537.0,4954480.0,139881244.0,827033.0
202,2022-01-12,89046,22725154,139,620391,0.0273,162375830.0,4955453.0,140016395.0,915266.0
202,2022-01-13,97228,22822382,196,620587,0.02719,162435666.0,4956729.0,140261112.0,1006076.0
202,2022-01-14,108666,22931048,231,620818,0.02707,162469860.0,4957976.0,140383389.0,1114511.0
202,2022-01-15,47948,22978996,164,620982,0.02702,162510870.0,4960540.0,140471978.0,1150058.0
203,2022-01-16,34468,23013464,99,621081,0.02699,162690550.0,4965768.0,141299733.0,1170242.0
203,2022-01-17,77181,23090645,166,621247,0.0269,162921700.0,4967803.0,142212701.0,1247257.0
203,2022-01-18,133249,23223894,312,621559,0.02676,163000773.0,4971146.0,142548955.0,1193902.0
203,2022-01-19,203716,23427610,322,621881,0.02654,163135177.0,4973467.0,142711392.0,1377614.0
203,2022-01-20,169885,23597495,352,622233,0.02637,163323233.0,4990354.0,142998343.0,1547147.0
203,2022-01-21,172596,23770091,398,622631,0.02619,163446860.0,4991319.0,143176637.0,1719345.0
203,2022-01-22,162397,23932488,310,622941,0.02603,163640562.0,4991604.0,143484324.0,1881432.0
204,2022-01-23,120300,24052788,191,623132,0.02591,163675994.0,4991619.0,143519370.0,2001541.0
204,2022-01-24,93749,24146537,270,623402,0.02582,163930343.0,4992777.0,143873208.0,2049724.0
204,2022-01-25,201679,24348216,485,623887,0.02562,164063038.0,4992899.0,144092956.0,2247743.0
204,2022-01-26,218903,24567119,603,624490,0.02542,164447484.0,4999210.0,144192294.0,2462866.0
204,2022-01-27,230283,24797402,683,625173,0.02521,164790102.0,5007623.0,144450810.0,2692466.0
204,2022-01-28,259449,25056851,763,625936,0.02498,165144296.0,5022236.0,144604506.0,2942853.0
204,2022-01-29,200030,25256881,694,626630,0.02481,165360127.0,5023573.0,144667367.0,3142189.0
205,2022-01-30,103379,25360260,274,626904,0.02472,165399712.0,5023650.0,144680642.0,3245294.0
205,2022-01-31,109380,25469640,482,627386,0.02463,165862664.0,5025278.0,144810359.0,3190364.0
205,2022-02-01,168059,25637699,750,628136,0.0245,166153688.0,5026365.0,144919855.0,3179983.0
205,2022-02-02,188478,25826177,940,629076,0.02436,166470449.0,5028455.0,145134094.0,3367521.0
205,2022-02-03,285396,26111573,997,630073,0.02413,166777649.0,5029868.0,145366545.0,3651920.0
205,2022-02-04,219433,26331006,968,631041,0.02397,167334629.0,5043923.0,145535656.0,3870385.0
205,2022-02-05,151143,26482149,804,631845,0.02386,167677014.0,5045691.0,145612139.0,4020724.0
206,2022-02-06,63437,26545586,447,632292,0.02382,167754397.0,5046532.0,145714333.0,4083714.0
206,2022-02-07,72228,26617814,415,632707,0.02377,168210512.0,5047687.0,145838536.0,4155527.0
206,2022-02-08,180552,26798366,1197,633904,0.02365,168362278.0,5047806.0,145988677.0,4155874.0
206,2022-02-09,177366,26975732,1287,635191,0.02355,168481642.0,5031663.0,146329755.0,4327292.0
206,2022-02-10,164157,27139889,925,636116,0.02344,168880877.0,5034336.0,146694534.0,4490524.0
206,2022-02-11,161750,27301639,1116,637232,0.02334,169370255.0,5038490.0,146912866.0,4651158.0
206,2022-02-12,133158,27434797,866,638098,0.02326,169581780.0,5039038.0,147012920.0,4783450.0
207,2022-02-13,55623,27490420,342,638440,0.02322,169675472.0,5039781.0,147155512.0,4838731.0
207,2022-02-14,64760,27555180,493,638933,0.02319,169895343.0,5023341.0,147314691.0,4883518.0
207,2022-02-15,123801,27678981,915,639848,0.02312,170121986.0,5033989.0,147394141.0,2265477.0
207,2022-02-16,144219,27823200,1033,640881,0.02303,170394085.0,5035190.0,147563971.0,2408663.0
207,2022-02-17,129525,27952725,1108,641989,0.02297,170646362.0,5038130.0,147744020.0,2537080.0
207,2022-02-18,120132,28072857,1118,643107,0.02291,171359341.0,5041031.0,148062460.0,2648107.0
207,2022-02-19,103715,28176572,836,643943,0.02285,171563203.0,5042116.0,148251978.0,2750986.0
208,2022-02-20,38641,28215213,399,644342,0.02284,171640408.0,5043869.0,148302645.0,2789228.0
208,2022-02-21,43843,28259056,343,644685,0.02281,171816412.0,5047541.0,148449102.0,2832728.0
208,2022-02-22,102562,28361618,804,645489,0.02276,172029941.0,5048718.0,148570908.0,2692091.0
208,2022-02-23,130812,28492430,985,646474,0.02269,172308344.0,5050530.0,148857152.0,2821918.0
208,2022-02-24,96440,28588870,983,647457,0.02265,172573947.0,5047146.0,149106386.0,2917375.0
208,2022-02-25,88790,28677660,798,648255,0.0226,172836653.0,5057633.0,149362074.0,3005367.0
208,2022-02-26,72842,28750502,708,648963,0.02257,172930058.0,5058540.0,149455066.0,3077501.0
209,2022-02-27,22137,28772639,215,649178,0.02256,172963470.0,5058873.0,149504349.0,3099423.0
209,2022-02-28,19952,28792591,238,649416,0.02255,173123497.0,5060347.0,149827740.0,3119137.0
209,2022-03-01,22415,28815006,278,649694,0.02255,173235390.0,5061687.0,149876685.0,3141274.0
209,2022-03-02,30135,28845141,346,650040,0.02254,173298780.0,5062684.0,150001770.0,3171063.0
209,2022-03-03,65544,28910685,587,650627,0.0225,173360211.0,5064130.0,150164314.0,2646947.0
209,2022-03-04,70259,28980944,694,651321,0.02247,173482886.0,5064984.0,150357085.0,2714667.0
209,2022-03-05,55130,29036074,633,651954,0.02245,173571773.0,5066045.0,150498275.0,2769164.0
210,2022-03-06,16161,29052235,214,652168,0.02245,173612080.0,5066462.0,150524931.0,2785111.0
210,2022-03-07,21854,29074089,220,652388,0.02244,173728790.0,5068518.0,150712422.0,2806745.0
210,2022-03-08,75132,29149221,492,652880,0.0224,173845108.0,5070148.0,150894902.0,2881385.0
210,2022-03-09,50348,29199569,678,653558,0.02238,174001616.0,5083126.0,151105122.0,2931055.0
210,2022-03-10,57006,29256575,565,654123,0.02236,174632605.0,5081306.0,152016244.0,2987496.0
210,2022-03-11,53422,29309997,456,654579,0.02233,174752176.0,5084068.0,152182569.0,1292474.0
210,2022-03-12,45788,29355785,384,654963,0.02231,175054468.0,5085712.0,152387142.0,1337878.0
211,2022-03-13,14553,29370338,138,655101,0.0223,175091722.0,5086515.0,152423804.0,1352293.0
211,2022-03-14,16841,29387179,185,655286,0.0223,175185368.0,5088542.0,152586722.0,1365584.0
211,2022-03-15,50167,29437346,328,655614,0.02227,175231097.0,5089499.0,152712437.0,1415423.0
211,2022-03-16,50575,29487921,356,655970,0.02225,175311829.0,5098182.0,152953340.0,1465642.0
211,2022-03-17,45541,29533462,477,656447,0.02223,175394239.0,5101046.0,153140629.0,1510706.0
211,2022-03-18,47972,29581434,382,656829,0.0222,175559256.0,5106537.0,153378860.0,1558296.0
211,2022-03-19,38188,29619622,285,657114,0.02219,175633098.0,5108475.0,153526028.0,1596199.0
212,2022-03-20,13062,29632684,106,657220,0.02218,175651060.0,5108701.0,153555908.0,1609155.0
212,2022-03-21,13412,29646096,102,657322,0.02217,175755370.0,5110987.0,153789090.0,1622465.0
212,2022-03-22,41398,29687494,411,657733,0.02216,175807160.0,5111630.0,153925197.0,1663452.0
212,2022-03-23,46247,29733741,283,658016,0.02213,175873432.0,5112572.0,154070610.0,1709416.0
212,2022-03-24,37278,29771019,308,658324,0.02211,175931782.0,5113526.0,154193141.0,1746386.0
212,2022-03-25,33996,29805015,257,658581,0.0221,176002374.0,5115155.0,154351808.0,1780125.0
212,2022-03-26,28303,29833318,192,658773,0.02208,176030148.0,5118349.0,154431139.0,1808236.0
213,2022-03-27,9937,29843255,107,658880,0.02208,176070375.0,5119720.0,154515688.0,1818066.0
213,2022-03-28,9086,29852341,76,658956,0.02207,176138696.0,5131209.0,154667635.0,1827076.0
213,2022-03-29,30056,29882397,285,659241,0.02206,176330919.0,5133100.0,154927146.0,1856847.0
213,2022-03-30,33937,29916334,263,659504,0.02204,176422071.0,5136717.0,155173973.0,1890521.0
213,2022-03-31,31561,29947895,253,659757,0.02203,176477289.0,5139122.0,155352755.0,1921829.0
213,2022-04-01,27270,29975165,245,660002,0.02202,176528724.0,5143044.0,155517616.0,1948854.0
213,2022-04-02,17062,29992227,106,660108,0.02201,176563860.0,5145294.0,155613259.0,1965810.0
214,2022-04-03,7210,29999437,39,660147,0.02201,176576186.0,5145843.0,155649865.0,1972981.0
214,2022-04-04,13361,30012798,165,660312,0.022,176604584.0,5147361.0,155740985.0,1986177.0
214,2022-04-05,27331,30040129,216,660528,0.02199,176674889.0,5153093.0,155920611.0,2013292.0
214,2022-04-06,27120,30067249,195,660723,0.02197,176737679.0,5181545.0,156079909.0,2040217.0
214,2022-04-07,26502,30093751,250,660973,0.02196,176786142.0,5184465.0,156224562.0,2066469.0
214,2022-04-08,30212,30123963,149,661122,0.02195,176836950.0,5189438.0,156387667.0,2096532.0
214,2022-04-09,21229,30145192,98,661220,0.02193,176866093.0,5194129.0,156462544.0,2117663.0
215,2022-04-10,7210,30152402,38,661258,0.02193,176877847.0,5197333.0,156500632.0,2124835.0
215,2022-04-11,8803,30161205,69,661327,0.02193,176928391.0,5199328.0,156652988.0,2133569.0
215,2022-04-12,22724,30183929,166,661493,0.02192,176977228.0,5202839.0,156802928.0,2156127.0
215,2022-04-13,26924,30210853,163,661656,0.0219,177003076.0,5207076.0,156888019.0,2182888.0
215,2022-04-14,23171,30234024,140,661796,0.02189,177052730.0,5210295.0,157045240.0,2205919.0
215,2022-04-15,13278,30247302,111,661907,0.02188,177061552.0,5210792.0,157081417.0,2219086.0
215,2022-04-16,2775,30250077,31,661938,0.02188,177128090.0,5211729.0,157136156.0,2221830.0
216,2022-04-17,2541,30252618,22,661960,0.02188,177131353.0,5211927.0,157142204.0,2224349.0
216,2022-04-18,8470,30261088,66,662026,0.02188,177164849.0,5212896.0,157240465.0,2217646.0
216,2022-04-19,14131,30275219,125,662151,0.02187,177437560.0,5216061.0,157434629.0,2231652.0
216,2022-04-20,36750,30311969,263,662414,0.02185,177471803.0,5218181.0,157649663.0,2268139.0
216,2022-04-21,18660,30330629,92,662506,0.02184,177512188.0,5219082.0,157771135.0,2286707.0
216,2022-04-22,8068,30338697,51,662557,0.02184,177523166.0,5219372.0,157798026.0,2294724.0
216,2022-04-23,6957,30345654,53,662610,0.02184,177541898.0,5219455.0,157864022.0,2301628.0
217,2022-04-24,3809,30349463,36,662646,0.02183,177542035.0,5219474.0,157864491.0,2305401.0
217,2022-04-25,6456,30355919,76,662722,0.02183,177571249.0,5220749.0,157939954.0,2311781.0
217,2022-04-26,22142,30378061,144,662866,0.02182,177596551.0,5222590.0,158015140.0,2333779.0
217,2022-04-27,20943,30399004,245,663111,0.02181,177657882.0,5225375.0,158204759.0,2354477.0
217,2022-04-28,19916,30418920,114,663225,0.0218,177699439.0,5227129.0,158342284.0,2374279.0
217,2022-04-29,14122,30433042,185,663410,0.0218,177732819.0,5228362.0,158447653.0,2388216.0
217,2022-04-30,15194,30448236,87,663497,0.02179,177742670.0,5228671.0,158478064.0,2403323.0
218,2022-05-01,6263,30454499,16,663513,0.02179,177755066.0,5229451.0,158511889.0,2409570.0
218,2022-05-02,6498,30460997,89,663602,0.02179,177795708.0,5230318.0,158620998.0,2415979.0
218,2022-05-03,21432,30482429,92,663694,0.02177,177835975.0,5231351.0,158734638.0,2437319.0
218,2022-05-04,20072,30502501,65,663759,0.02176,177904423.0,5232950.0,158898213.0,2457326.0
218,2022-05-05,21682,30524183,137,663896,0.02175,177925477.0,5233446.0,158977080.0,2478871.0
218,2022-05-06,19725,30543908,195,664091,0.02174,177973729.0,5234776.0,159073745.0,2498401.0
218,2022-05-07,14622,30558530,35,664126,0.02173,177983320.0,5235263.0,159105029.0,2512988.0
219,2022-05-08,6006,30564536,13,664139,0.02173,177993463.0,5235432.0,159120028.0,2518981.0
219,2022-05-09,9709,30574245,53,664192,0.02172,178016825.0,5236047.0,159163397.0,2528637.0
219,2022-05-10,20143,30594388,198,664390,0.02172,178032949.0,5236828.0,159224035.0,2548582.0
219,2022-05-11,23398,30617786,126,664516,0.0217,178177107.0,5238776.0,159534555.0,2571854.0
219,2022-05-12,21344,30639130,125,664641,0.02169,178224737.0,5251971.0,159612601.0,2593073.0
219,2022-05-13,25609,30664739,139,664780,0.02168,178236435.0,5252448.0,159650417.0,2618543.0
219,2022-05-14,17355,30682094,92,664872,0.02167,178237945.0,5252506.0,159658565.0,2635806.0
220,2022-05-15,6296,30688390,46,664918,0.02167,178239576.0,5252520.0,159663318.0,2642056.0
220,2022-05-16,13510,30701900,69,664987,0.02166,178252430.0,5255219.0,159714596.0,2655497.0
220,2022-05-17,26386,30728286,229,665216,0.02165,178269501.0,5259795.0,159756130.0,2681654.0
220,2022-05-18,13525,30741811,103,665319,0.02164,178299681.0,5261444.0,159873886.0,2695076.0
220,2022-05-19,10415,30752226,114,665433,0.02164,178334769.0,5262222.0,159923753.0,2705377.0
220,2022-05-20,10187,30762413,60,665493,0.02163,178343471.0,5262675.0,159980369.0,2715504.0
220,2022-05-21,16194,30778607,35,665528,0.02162,178347801.0,5262775.0,159992506.0,2731663.0
221,2022-05-22,12613,30791220,99,665627,0.02162,178348163.0,5262791.0,159994344.0,2744177.0
221,2022-05-23,12775,30803995,39,665666,0.02161,178708084.0,5264478.0,160065355.0,2756913.0
221,2022-05-24,32820,30836815,239,665905,0.02159,178757918.0,5266316.0,160202567.0,2789494.0
221,2022-05-25,9787,30846602,132,666037,0.02159,178784709.0,5268154.0,160282246.0,2799149.0
221,2022-05-26,33910,30880512,143,666180,0.02157,178832168.0,5272936.0,160329979.0,2832916.0
221,2022-05-27,40633,30921145,139,666319,0.02155,178890071.0,5277612.0,160416133.0,2873410.0
221,2022-05-28,24239,30945384,72,666391,0.02153,178927263.0,5278261.0,160457034.0,2897577.0
222,2022-05-29,8195,30953579,62,666453,0.02153,178933049.0,5278424.0,160472023.0,2905710.0
222,2022-05-30,24082,30977661,63,666516,0.02152,178952713.0,5278955.0,160509924.0,2929729.0
222,2022-05-31,41377,31019038,160,666676,0.02149,178961451.0,5279437.0,160541059.0,2970946.0
222,2022-06-01,40979,31060017,125,666801,0.02147,178991884.0,5280760.0,160653642.0,3011800.0
222,2022-06-02,41273,31101290,127,666928,0.02144,179015619.0,5281259.0,160686131.0,3052946.0
222,2022-06-03,36189,31137479,43,666971,0.02142,179079972.0,5284090.0,160793711.0,3089092.0
222,2022-06-04,15590,31153069,26,666997,0.02141,179125995.0,5287409.0,160863957.0,3104656.0
223,2022-06-05,6266,31159335,8,667005,0.02141,179134994.0,5287777.0,160884603.0,3110914.0
223,2022-06-06,35783,31195118,36,667041,0.02138,179147869.0,5289130.0,160916681.0,3146661.0
223,2022-06-07,71045,31266163,307,667348,0.02134,179184655.0,5290603.0,160992471.0,3217399.0
223,2022-06-08,49614,31315777,299,667647,0.02132,179200482.0,5294483.0,161152204.0,3266714.0
223,2022-06-09,45073,31360850,143,667790,0.02129,179303691.0,5295727.0,161225513.0,3311644.0
223,2022-06-10,56491,31417341,170,667960,0.02126,179313508.0,5297420.0,161263163.0,3367965.0
223,2022-06-11,27796,31445137,114,668074,0.02125,179327516.0,5298510.0,161300609.0,3395647.0
224,2022-06-12,11728,31456865,36,668110,0.02124,179332545.0,5298789.0,162434831.0,3407339.0
224,2022-06-13,40173,31497038,70,668180,0.02121,179341739.0,5299920.0,162459474.0,3447442.0
224,2022-06-14,44441,31541479,174,668354,0.02119,179354732.0,5300915.0,162486282.0,3491709.0
224,2022-06-15,70290,31611769,339,668693,0.02115,179369834.0,5301942.0,162527989.0,3561660.0
224,2022-06-16,32934,31644703,151,668844,0.02114,179454264.0,5307450.0,162623092.0,3594443.0
224,2022-06-17,28672,31673375,72,668916,0.02112,179460000.0,5307628.0,162639543.0,3623043.0
224,2022-06-18,20127,31693502,94,669010,0.02111,179466698.0,5307935.0,162655333.0,3643076.0
225,2022-06-19,10691,31704193,55,669065,0.0211,179468913.0,5308012.0,162665196.0,3653712.0
225,2022-06-20,50272,31754465,96,669161,0.02107,179488779.0,5308538.0,162752924.0,3703888.0
225,2022-06-21,64362,31818827,229,669390,0.02104,179516593.0,5309377.0,162790713.0,3768021.0
225,2022-06-22,71906,31890733,140,669530,0.02099,179542070.0,5310006.0,162867473.0,3839787.0
225,2022-06-23,72049,31962782,365,669895,0.02096,179570091.0,5310724.0,162933482.0,3911471.0
225,2022-06-24,60384,32023166,334,670229,0.02093,179584285.0,5312026.0,162954320.0,3971521.0
225,2022-06-25,38793,32061959,140,670369,0.02091,179586460.0,5312101.0,162959093.0,4010174.0
226,2022-06-26,16679,32078638,36,670405,0.0209,179588170.0,5312104.0,162960773.0,4026817.0
226,2022-06-27,51678,32130316,127,670532,0.02087,179603411.0,5313489.0,162984593.0,4078368.0
226,2022-06-28,76638,32206954,316,670848,0.02083,179668136.0,5322456.0,163249060.0,4154690.0
226,2022-06-29,75925,32282879,277,671125,0.02079,179681024.0,5323185.0,163268852.0,4230338.0
226,2022-06-30,75139,32358018,291,671416,0.02075,179700733.0,5323631.0,163289686.0,4305186.0
226,2022-07-01,76045,32434063,284,671700,0.02071,179750695.0,5327651.0,163430943.0,4380947.0
226,2022-07-02,37784,32471847,158,671858,0.02069,179761572.0,5328025.0,163462667.0,4418573.0
